Group,Code,Description,Stock,Unit,Rate,Mrp,Gst,OE PART NUMBER
Demo1,LLRED1,Description here,25,PCS,123,235,18%,NONE
Demo1,LLRED2,Description here,25,PCS,124,236,18%,NONE
Demo1,LLRED3,Description here,5,PCS,125,237,18%,NONE
Demo1,LLRED4,Description here,48,PCS,126,238,18%,NONE
Demo1,LLRED5,Description here,9663,PCS,127,239,18%,NONE
Demo1,LLRED6,Description here,7742.9,PCS,128,240,18%,NONE
Demo1,LLRED7,Description here,9672.8,PCS,129,241,18%,NONE
Demo1,LLRED8,Description here,11602.7,PCS,130,242,18%,NONE
Demo1,LLRED9,Description here,13532.6,PCS,131,243,18%,NONE
Demo1,LLRED10,Description here,15462.5,PCS,132,244,18%,NONE
Demo1,LLRED11,Description here,17392.4,PCS,133,245,18%,NONE
Demo1,LLRED12,Description here,19322.3,PCS,134,246,18%,NONE
Demo1,LLRED13,Description here,21252.2,PCS,135,247,18%,NONE
Demo1,LLRED14,Description here,23182.1,PCS,136,248,18%,NONE
Demo1,LLRED15,Description here,25112,PCS,137,249,18%,NONE
Demo1,LLRED16,Description here,27041.9,PCS,138,250,18%,NONE
Demo1,LLRED17,Description here,28971.8,PCS,139,251,18%,NONE
Demo1,LLRED18,Description here,30901.7,PCS,140,252,18%,NONE
Demo1,LLRED19,Description here,32831.6,PCS,141,253,18%,NONE
Demo1,LLRED20,Description here,34761.5,PCS,142,254,18%,NONE
Demo1,LLRED21,Description here,36691.4,PCS,143,255,18%,NONE
Demo1,LLRED22,Description here,38621.3,PCS,144,256,18%,NONE
Demo1,LLRED23,Description here,40551.2,PCS,145,257,18%,NONE
Demo1,LLRED24,Description here,42481.1,PCS,146,258,18%,NONE
Demo1,LLRED25,Description here,44411,PCS,147,259,18%,NONE
Demo1,LLRED26,Description here,46340.9,PCS,148,260,18%,NONE
Demo1,LLRED27,Description here,48270.8,PCS,149,261,18%,NONE
Demo1,LLRED28,Description here,50200.7,PCS,150,262,18%,NONE
Demo1,LLRED29,Description here,52130.6,LIST,151,263,18%,NONE
Demo1,LLRED30,Description here,54060.5,PCS,152,264,18%,NONE
Demo1,LLRED31,Description here,55990.4,PCS,153,265,18%,NONE
Demo1,LLRED32,Description here,57920.3,PCS,154,266,18%,NONE
Demo1,LLRED33,Description here,59850.2,PCS,155,267,18%,NONE
Demo1,LLRED34,Description here,61780.1,PCS,156,268,18%,NONE
Demo1,LLRED35,Description here,63710,PCS,157,269,18%,NONE
Demo1,LLRED36,Description here,65639.9,PCS,158,270,18%,NONE
Demo1,LLRED37,Description here,67569.8,PCS,159,271,18%,NONE
Demo1,LLRED38,Description here,69499.7,PCS,160,272,18%,NONE
Demo1,LLRED39,Description here,71429.6,PCS,161,273,18%,NONE
Demo1,LLRED40,Description here,73359.5,PCS,162,274,18%,NONE
Demo1,LLRED41,Description here,75289.4,PCS,163,275,18%,NONE
Demo1,LLRED42,Description here,77219.3,PCS,164,276,18%,NONE
Demo1,LLRED43,Description here,79149.2,PCS,165,277,18%,NONE
Demo1,LLRED44,Description here,81079.1,PCS,166,278,18%,NONE
Demo1,LLRED45,Description here,83009,PCS,167,279,18%,NONE
Demo1,LLRED46,Description here,84938.9,PCS,168,280,18%,NONE
Demo1,LLRED47,Description here,86868.8,PCS,169,281,18%,NONE
Demo1,LLRED48,Description here,88798.7,PCS,170,282,18%,NONE
Demo1,LLRED49,Description here,90728.6,PCS,171,283,18%,NONE
Demo1,LLRED50,Description here,92658.5,PCS,172,284,18%,NONE
Demo1,LLRED51,Description here,94588.4,PCS,173,285,18%,NONE
Demo1,LLRED52,Description here,96518.3,PCS,174,286,18%,NONE
Demo1,LLRED53,Description here,98448.2,PCS,175,287,18%,NONE
Demo1,LLRED54,Description here,100378.1,PCS,176,288,18%,NONE
Demo1,LLRED55,Description here,102308,PCS,177,289,18%,NONE
Demo1,LLRED56,Description here,104237.9,PCS,178,290,18%,NONE
Demo1,LLRED57,Description here,106167.8,PCS,179,291,18%,NONE
Demo1,LLRED58,Description here,108097.7,PCS,180,292,18%,NONE
Demo1,LLRED59,Description here,110027.6,PCS,181,293,18%,NONE
Demo1,LLRED60,Description here,111957.5,Pcs,182,294,18%,NONE
Demo1,LLRED61,Description here,113887.4,PCS,183,295,18%,NONE
Demo1,LLRED62,Description here,115817.3,Pcs,184,296,18%,NONE
Demo1,LLRED63,Description here,117747.2,PCS,185,297,18%,NONE
Demo1,LLRED64,Description here,119677.1,Pcs,186,298,18%,NONE
Demo1,LLRED65,Description here,121607,Pcs,187,299,18%,NONE
Demo1,LLRED66,Description here,123536.9,Pcs,188,300,18%,NONE
Demo1,LLRED67,Description here,125466.8,Pcs,189,301,18%,NONE
Demo1,LLRED68,Description here,127396.7,Pcs,190,302,18%,NONE
Demo1,LLRED69,Description here,129326.6,Pcs,191,303,18%,NONE
Demo1,LLRED70,Description here,131256.5,PCS,192,304,18%,NONE
Demo1,LLRED71,Description here,133186.4,Pcs,193,305,18%,NONE
Demo1,LLRED72,Description here,135116.3,PCS,194,306,18%,NONE
Demo1,LLRED73,Description here,137046.2,PCS,195,307,18%,NONE
Demo1,LLRED74,Description here,138976.1,PCS,196,308,18%,NONE
Demo1,LLRED75,Description here,140906,PCS,197,309,18%,NONE
Demo1,LLRED76,Description here,142835.9,PCS,198,310,18%,NONE
Demo1,LLRED77,Description here,144765.8,Pcs,199,311,18%,NONE
Demo1,LLRED78,Description here,146695.7,PCS,200,312,18%,NONE
Demo1,LLRED79,Description here,148625.6,PCS,201,313,18%,NONE
Demo1,LLRED80,Description here,150555.5,PCS,202,314,18%,NONE
Demo1,LLRED81,Description here,152485.4,PCS,203,315,18%,NONE
Demo1,LLRED82,Description here,154415.3,SET,204,316,18%,NONE
Demo1,LLRED83,Description here,156345.2,PCS,205,317,18%,NONE
Demo1,LLRED84,Description here,158275.1,SET,206,318,18%,NONE
Demo1,LLRED85,Description here,160205,PCS,207,319,18%,NONE
Demo1,LLRED86,Description here,162134.9,PCS,208,320,18%,NONE
Demo1,LLRED87,Description here,164064.8,PCS,209,321,18%,NONE
Demo1,LLRED88,Description here,165994.7,PCS,210,322,18%,NONE
Demo1,LLRED89,Description here,167924.6,SET,211,323,18%,NONE
Demo1,LLRED90,Description here,169854.5,PCS,212,324,18%,NONE
Demo1,LLRED91,Description here,171784.4,PCS,213,325,18%,NONE
Demo1,LLRED92,Description here,173714.3,PCS,214,326,18%,NONE
Demo1,LLRED93,Description here,175644.2,PCS,215,327,18%,NONE
Demo1,LLRED94,Description here,177574.1,PCS,216,328,18%,NONE
Demo1,LLRED95,Description here,179504,PCS,217,329,18%,NONE
Demo1,LLRED96,Description here,181433.9,PCS,218,330,18%,NONE
Demo1,LLRED97,Description here,183363.8,PCS,219,331,18%,NONE
Demo1,LLRED98,Description here,185293.7,SET,220,332,18%,NONE
Demo1,LLRED99,Description here,187223.6,PCS,221,333,18%,NONE
Demo1,LLRED100,Description here,189153.5,PCS,222,334,18%,NONE
Demo1,LLRED101,Description here,191083.4,SET,223,335,18%,NONE
Demo1,LLRED102,Description here,193013.3,SET,224,336,18%,NONE
Demo1,LLRED103,Description here,194943.2,PCS,225,337,18%,NONE
Demo1,LLRED104,Description here,196873.1,PCS,226,338,18%,NONE
Demo1,LLRED105,Description here,198803,SET,227,339,18%,NONE
Demo1,LLRED106,Description here,200732.9,PCS,228,340,18%,NONE
Demo1,LLRED107,Description here,202662.8,SET,229,341,18%,NONE
Demo1,LLRED108,Description here,204592.7,SET,230,342,18%,NONE
Demo1,LLRED109,Description here,206522.6,SET,231,343,18%,NONE
Demo1,LLRED110,Description here,208452.5,PCS,232,344,18%,NONE
Demo1,LLRED111,Description here,210382.4,PCS,233,345,18%,NONE
Demo1,LLRED112,Description here,212312.3,SET,234,346,18%,NONE
Demo1,LLRED113,Description here,214242.2,PCS,235,347,18%,NONE
Demo1,LLRED114,Description here,216172.1,PCS,236,348,18%,NONE
Demo1,LLRED115,Description here,218102,SET,237,349,18%,NONE
Demo1,LLRED116,Description here,220031.9,PCS,238,350,18%,NONE
Demo1,LLRED117,Description here,221961.8,SET,239,351,18%,NONE
Demo1,LLRED118,Description here,223891.7,PCS,240,352,18%,NONE
Demo1,LLRED119,Description here,225821.6,SET,241,353,18%,NONE
Demo1,LLRED120,Description here,227751.5,PCS,242,354,18%,NONE
Demo1,LLRED121,Description here,229681.4,PCS,243,355,18%,NONE
Demo1,LLRED122,Description here,231611.3,SET,244,356,18%,NONE
Demo1,LLRED123,Description here,233541.2,PCS,245,357,18%,NONE
Demo1,LLRED124,Description here,235471.1,SET,246,358,18%,NONE
Demo1,LLRED125,Description here,237401,PCS,247,359,18%,NONE
Demo1,LLRED126,Description here,239330.9,PCS,248,360,18%,NONE
Demo1,LLRED127,Description here,241260.8,SET,249,361,18%,NONE
Demo1,LLRED128,Description here,243190.7,SET,250,362,18%,NONE
Demo1,LLRED129,Description here,245120.6,PCS,251,363,18%,NONE
Demo1,LLRED130,Description here,247050.5,PCS,252,364,18%,NONE
Demo1,LLRED131,Description here,248980.4,SET,253,365,18%,NONE
Demo1,LLRED132,Description here,250910.3,PCS,254,366,18%,NONE
Demo1,LLRED133,Description here,252840.2,SET,255,367,18%,NONE
Demo1,LLRED134,Description here,254770.1,PCS,256,368,18%,NONE
Demo1,LLRED135,Description here,256700,SET,257,369,18%,NONE
Demo1,LLRED136,Description here,258629.9,SET,258,370,18%,NONE
Demo1,LLRED137,Description here,260559.8,PCS,259,371,18%,NONE
Demo1,LLRED138,Description here,262489.7,SET,260,372,18%,NONE
Demo1,LLRED139,Description here,264419.6,SET,261,373,18%,NONE
Demo1,LLRED140,Description here,266349.5,SET,262,374,18%,NONE
Demo1,LLRED141,Description here,268279.4,SET,263,375,18%,NONE
Demo1,LLRED142,Description here,270209.3,SET,264,376,18%,NONE
Demo1,LLRED143,Description here,272139.2,SET,265,377,18%,NONE
Demo1,LLRED144,Description here,274069.1,SET,266,378,18%,NONE
Demo1,LLRED145,Description here,275999,SET,267,379,18%,NONE
Demo1,LLRED146,Description here,277928.9,SET,268,380,18%,NONE
Demo1,LLRED147,Description here,279858.8,SET,269,381,18%,NONE
Demo1,LLRED148,Description here,281788.7,PCS,270,382,18%,NONE
Demo1,LLRED149,Description here,283718.6,PCS,271,383,18%,NONE
Demo1,LLRED150,Description here,285648.5,PCS,272,384,18%,NONE
Demo1,LLRED151,Description here,287578.4,PCS,273,385,18%,NONE
Demo1,LLRED152,Description here,289508.3,SET,274,386,18%,NONE
Demo1,LLRED153,Description here,291438.2,SET,275,387,18%,NONE
Demo1,LLRED154,Description here,293368.1,PCS,276,388,18%,NONE
Demo1,LLRED155,Description here,295298,PCS,277,389,18%,NONE
Demo1,LLRED156,Description here,297227.9,PCS,278,390,18%,NONE
Demo1,LLRED157,Description here,299157.8,PCS,279,391,18%,NONE
Demo1,LLRED158,Description here,301087.7,PCS,280,392,18%,NONE
Demo1,LLRED159,Description here,303017.6,PCS,281,393,18%,NONE
Demo1,LLRED160,Description here,304947.5,PCS,282,394,18%,NONE
Demo1,LLRED161,Description here,306877.4,PCS,283,395,18%,NONE
Demo1,LLRED162,Description here,308807.3,PCS,284,396,18%,NONE
Demo1,LLRED163,Description here,310737.2,PCS,285,397,18%,NONE
Demo1,LLRED164,Description here,312667.1,PCS,286,398,18%,NONE
Demo1,LLRED165,Description here,314597,PCS,287,399,18%,NONE
Demo1,LLRED166,Description here,316526.9,PCS,288,400,18%,NONE
Demo1,LLRED167,Description here,318456.8,PCS,289,401,18%,NONE
Demo1,LLRED168,Description here,320386.7,PCS,290,402,18%,NONE
Demo1,LLRED169,Description here,322316.6,PCS,291,403,18%,NONE
Demo1,LLRED170,Description here,324246.5,PCS,292,404,18%,NONE
Demo1,LLRED171,Description here,326176.4,PCS,293,405,18%,NONE
Demo1,LLRED172,Description here,328106.3,PCS,294,406,18%,NONE
Demo1,LLRED173,Description here,330036.2,PCS,295,407,18%,NONE
Demo1,LLRED174,Description here,331966.1,PCS,296,408,18%,NONE
Demo1,LLRED175,Description here,333896,PCS,297,409,18%,NONE
Demo1,LLRED176,Description here,335825.9,PCS,298,410,18%,NONE
Demo1,LLRED177,Description here,337755.8,PCS,299,411,18%,NONE
Demo1,LLRED178,Description here,339685.7,PCS,300,412,18%,NONE
Demo1,LLRED179,Description here,341615.6,PCS,301,413,18%,NONE
Demo1,LLRED180,Description here,343545.5,PCS,302,414,18%,NONE
Demo1,LLRED181,Description here,345475.4,PCS,303,415,18%,NONE
Demo1,LLRED182,Description here,347405.3,SET,304,416,18%,NONE
Demo1,LLRED183,Description here,349335.2,PCS,305,417,18%,NONE
Demo1,LLRED184,Description here,351265.1,SET,306,418,18%,NONE
Demo1,LLRED185,Description here,353195,PCS,307,419,18%,NONE
Demo1,LLRED186,Description here,355124.9,PCS,308,420,18%,NONE
Demo1,LLRED187,Description here,357054.8,PCS,309,421,18%,NONE
Demo1,LLRED188,Description here,358984.7,PCS,310,422,18%,NONE
Demo1,LLRED189,Description here,360914.6,PCS,311,423,18%,NONE
Demo1,LLRED190,Description here,362844.5,PCS,312,424,18%,NONE
Demo1,LLRED191,Description here,364774.4,PCS,313,425,18%,NONE
Demo1,LLRED192,Description here,366704.3,PCS,314,426,18%,NONE
Demo1,LLRED193,Description here,368634.2,PCS,315,427,18%,NONE
Demo1,LLRED194,Description here,370564.1,PCS,316,428,18%,NONE
Demo1,LLRED195,Description here,372494,PCS,317,429,18%,NONE
Demo1,LLRED196,Description here,374423.9,PCS,318,430,18%,NONE
Demo1,LLRED197,Description here,376353.8,PCS,319,431,18%,NONE
Demo1,LLRED198,Description here,378283.7,PCS,320,432,18%,NONE
Demo1,LLRED199,Description here,380213.6,PCS,321,433,18%,NONE
Demo1,LLRED200,Description here,382143.5,PCS,322,434,18%,NONE
Demo1,LLRED201,Description here,384073.4,PCS,323,435,18%,NONE
Demo1,LLRED202,Description here,386003.3,PCS,324,436,18%,NONE
Demo1,LLRED203,Description here,387933.2,PCS,325,437,18%,NONE
Demo1,LLRED204,Description here,389863.1,PCS,326,438,18%,NONE
Demo1,LLRED205,Description here,391793,PCS,327,439,18%,NONE
Demo1,LLRED206,Description here,393722.9,PCS,328,440,18%,NONE
Demo1,LLRED207,Description here,395652.8,PCS,329,441,18%,NONE
Demo1,LLRED208,Description here,397582.7,PCS,330,442,18%,NONE
Demo1,LLRED209,Description here,399512.6,PCS,331,443,18%,NONE
Demo1,LLRED210,Description here,401442.5,PCS,332,444,18%,NONE
Demo1,LLRED211,Description here,403372.4,PCS,333,445,18%,NONE
Demo1,LLRED212,Description here,405302.3,SET,334,446,18%,NONE
Demo1,LLRED213,Description here,407232.2,PCS,335,447,18%,NONE
Demo1,LLRED214,Description here,409162.1,PCS,336,448,18%,NONE
Demo1,LLRED215,Description here,411092,PCS,337,449,18%,NONE
Demo1,LLRED216,Description here,413021.9,PCS,338,450,18%,NONE
Demo1,LLRED217,Description here,414951.8,PCS,339,451,18%,NONE
Demo1,LLRED218,Description here,416881.7,PCS,340,452,18%,NONE
Demo1,LLRED219,Description here,418811.6,PCS,341,453,18%,NONE
Demo1,LLRED220,Description here,420741.5,PCS,342,454,18%,NONE
Demo1,LLRED221,Description here,422671.4,PCS,343,455,18%,NONE
Demo1,LLRED222,Description here,424601.3,PCS,344,456,18%,NONE
Demo1,LLRED223,Description here,426531.2,PCS,345,457,18%,NONE
Demo1,LLRED224,Description here,428461.1,PCS,346,458,18%,NONE
Demo1,LLRED225,Description here,430391,PCS,347,459,18%,NONE
Demo1,LLRED226,Description here,432320.9,PCS,348,460,18%,NONE
Demo1,LLRED227,Description here,434250.8,PCS,349,461,18%,NONE
Demo1,LLRED228,Description here,436180.7,PCS,350,462,18%,NONE
Demo1,LLRED229,Description here,438110.6,PCS,351,463,18%,NONE
Demo1,LLRED230,Description here,440040.5,PCS,352,464,18%,NONE
Demo1,LLRED231,Description here,441970.4,PCS,353,465,18%,NONE
Demo1,LLRED232,Description here,443900.3,PCS,354,466,18%,NONE
Demo1,LLRED233,Description here,445830.2,PCS,355,467,18%,NONE
Demo1,LLRED234,Description here,447760.1,PCS,356,468,18%,NONE
Demo1,LLRED235,Description here,449690,PCS,357,469,18%,NONE
Demo1,LLRED236,Description here,451619.9,PCS,358,470,18%,NONE
Demo1,LLRED237,Description here,453549.8,PCS,359,471,18%,NONE
Demo1,LLRED238,Description here,455479.7,PCS,360,472,18%,NONE
Demo1,LLRED239,Description here,457409.6,PCS,361,473,18%,NONE
Demo1,LLRED240,Description here,459339.5,PCS,362,474,18%,NONE
Demo1,LLRED241,Description here,461269.4,PCS,363,475,18%,NONE
Demo1,LLRED242,Description here,463199.3,PCS,364,476,18%,NONE
Demo1,LLRED243,Description here,465129.2,PCS,365,477,18%,NONE
Demo1,LLRED244,Description here,467059.1,PCS,366,478,18%,NONE
Demo1,LLRED245,Description here,468989,PCS,367,479,18%,NONE
Demo1,LLRED246,Description here,470918.9,PCS,368,480,18%,NONE
Demo1,LLRED247,Description here,472848.8,Pcs,369,481,18%,NONE
Demo1,LLRED248,Description here,474778.7,PCS,370,482,18%,NONE
Demo1,LLRED249,Description here,476708.6,PCS,371,483,18%,NONE
Demo1,LLRED250,Description here,478638.5,PCS,372,484,18%,NONE
Demo1,LLRED251,Description here,480568.4,PCS,373,485,18%,NONE
Demo1,LLRED252,Description here,482498.3,PCS,374,486,18%,NONE
Demo1,LLRED253,Description here,484428.2,PCS,375,487,18%,NONE
Demo1,LLRED254,Description here,486358.1,PCS,376,488,18%,NONE
Demo1,LLRED255,Description here,488288,PCS,377,489,18%,NONE
Demo1,LLRED256,Description here,490217.9,PCS,378,490,18%,NONE
Demo1,LLRED257,Description here,492147.8,PCS,379,491,18%,NONE
Demo1,LLRED258,Description here,494077.7,PCS,380,492,18%,NONE
Demo1,LLRED259,Description here,496007.6,PCS,381,493,18%,NONE
Demo1,LLRED260,Description here,497937.5,PCS,382,494,18%,NONE
Demo1,LLRED261,Description here,499867.4,PCS,383,495,18%,NONE
Demo1,LLRED262,Description here,501797.3,PCS,384,496,18%,NONE
Demo1,LLRED263,Description here,503727.2,PCS,385,497,18%,NONE
Demo1,LLRED264,Description here,505657.1,PCS,386,498,18%,NONE
Demo1,LLRED265,Description here,507587,PCS,387,499,18%,NONE
Demo1,LLRED266,Description here,509516.9,PCS,388,500,18%,NONE
Demo1,LLRED267,Description here,511446.8,PCS,389,501,18%,NONE
Demo1,LLRED268,Description here,513376.7,PCS,390,502,18%,NONE
Demo1,LLRED269,Description here,515306.6,PCS,391,503,18%,NONE
Demo1,LLRED270,Description here,517236.5,PCS,392,504,18%,NONE
Demo1,LLRED271,Description here,519166.4,PCS,393,505,18%,NONE
Demo1,LLRED272,Description here,521096.3,PCS,394,506,18%,NONE
Demo1,LLRED273,Description here,523026.2,PCS,395,507,18%,NONE
Demo1,LLRED274,Description here,524956.1,PCS,396,508,18%,NONE
Demo1,LLRED275,Description here,526886,PCS,397,509,18%,NONE
Demo1,LLRED276,Description here,528815.9,PCS,398,510,18%,NONE
Demo1,LLRED277,Description here,530745.8,PCS,399,511,18%,NONE
Demo1,LLRED278,Description here,532675.7,PCS,400,512,18%,NONE
Demo1,LLRED279,Description here,534605.6,PCS,401,513,18%,NONE
Demo1,LLRED280,Description here,536535.5,PCS,402,514,18%,NONE
Demo1,LLRED281,Description here,538465.4,PCS,403,515,18%,NONE
Demo1,LLRED282,Description here,540395.3,PCS,404,516,18%,NONE
Demo1,LLRED283,Description here,542325.2,PCS,405,517,18%,NONE
Demo1,LLRED284,Description here,544255.1,SET,406,518,18%,NONE
Demo1,LLRED285,Description here,546185,PCS,407,519,18%,NONE
Demo1,LLRED286,Description here,548114.9,SET,408,520,18%,NONE
Demo1,LLRED287,Description here,550044.8,SET,409,521,18%,NONE
Demo1,LLRED288,Description here,551974.7,PCS,410,522,18%,NONE
Demo1,LLRED289,Description here,553904.6,SET,411,523,18%,NONE
Demo1,LLRED290,Description here,555834.5,SET,412,524,18%,NONE
Demo1,LLRED291,Description here,557764.4,SET,413,525,18%,NONE
Demo1,LLRED292,Description here,559694.3,SET,414,526,18%,NONE
Demo1,LLRED293,Description here,561624.2,PCS,415,527,18%,NONE
Demo1,LLRED294,Description here,563554.1,SET,416,528,18%,NONE
Demo1,LLRED295,Description here,565484,SET,417,529,18%,NONE
Demo1,LLRED296,Description here,567413.9,SET,418,530,18%,NONE
Demo1,LLRED297,Description here,569343.8,SET,419,531,18%,NONE
Demo1,LLRED298,Description here,571273.7,SET,420,532,18%,NONE
Demo1,LLRED299,Description here,573203.6,PCS,421,533,18%,NONE
Demo1,LLRED300,Description here,575133.5,PCS,422,534,18%,NONE
Demo1,LLRED301,Description here,577063.4,PCS,423,535,18%,NONE
Demo1,LLRED302,Description here,578993.3,PCS,424,536,18%,NONE
Demo1,LLRED303,Description here,580923.2,PCS,425,537,18%,NONE
Demo1,LLRED304,Description here,582853.1,PCS,426,538,18%,NONE
Demo1,LLRED305,Description here,584783,PCS,427,539,18%,NONE
Demo1,LLRED306,Description here,586712.9,PCS,428,540,18%,NONE
Demo1,LLRED307,Description here,588642.8,PCS,429,541,18%,NONE
Demo1,LLRED308,Description here,590572.7,PCS,430,542,18%,NONE
Demo1,LLRED309,Description here,592502.6,PCS,431,543,18%,NONE
Demo1,LLRED310,Description here,594432.5,PCS,432,544,18%,NONE
Demo1,LLRED311,Description here,596362.4,PCS,433,545,18%,NONE
Demo1,LLRED312,Description here,598292.3,PCS,434,546,18%,NONE
Demo1,LLRED313,Description here,600222.2,PCS,435,547,18%,NONE
Demo1,LLRED314,Description here,602152.1,PCS,436,548,18%,NONE
Demo1,LLRED315,Description here,604082,PCS,437,549,18%,NONE
Demo1,LLRED316,Description here,606011.9,PCS,438,550,18%,NONE
Demo1,LLRED317,Description here,607941.8,PCS,439,551,18%,NONE
Demo1,LLRED318,Description here,609871.7,PCS,440,552,18%,NONE
Demo1,LLRED319,Description here,611801.6,PCS,441,553,18%,NONE
Demo1,LLRED320,Description here,613731.5,PCS,442,554,18%,NONE
Demo1,LLRED321,Description here,615661.4,PCS,443,555,18%,NONE
Demo1,LLRED322,Description here,617591.3,PCS,444,556,18%,NONE
Demo1,LLRED323,Description here,619521.2,PCS,445,557,18%,NONE
Demo1,LLRED324,Description here,621451.1,PCS,446,558,18%,NONE
Demo1,LLRED325,Description here,623381,PCS,447,559,18%,NONE
Demo1,LLRED326,Description here,625310.9,PCS,448,560,18%,NONE
Demo1,LLRED327,Description here,627240.8,PCS,449,561,18%,NONE
Demo1,LLRED328,Description here,629170.7,PCS,450,562,18%,NONE
Demo1,LLRED329,Description here,631100.6,PCS,451,563,18%,NONE
Demo1,LLRED330,Description here,633030.5,PCS,452,564,18%,NONE
Demo1,LLRED331,Description here,634960.4,PCS,453,565,18%,NONE
Demo1,LLRED332,Description here,636890.3,PCS,454,566,18%,NONE
Demo1,LLRED333,Description here,638820.2,PCS,455,567,18%,NONE
Demo1,LLRED334,Description here,640750.1,PCS,456,568,18%,NONE
Demo1,LLRED335,Description here,642680,PCS,457,569,18%,NONE
Demo1,LLRED336,Description here,644609.9,PCS,458,570,18%,NONE
Demo1,LLRED337,Description here,646539.8,PCS,459,571,18%,NONE
Demo1,LLRED338,Description here,648469.7,PCS,460,572,18%,NONE
Demo1,LLRED339,Description here,650399.6,PCS,461,573,18%,NONE
Demo1,LLRED340,Description here,652329.5,PCS,462,574,18%,NONE
Demo1,LLRED341,Description here,654259.4,PCS,463,575,18%,NONE
Demo1,LLRED342,Description here,656189.3,PCS,464,576,18%,NONE
Demo1,LLRED343,Description here,658119.2,PCS,465,577,18%,NONE
Demo1,LLRED344,Description here,660049.1,PCS,466,578,18%,NONE
Demo1,LLRED345,Description here,661979,PCS,467,579,18%,NONE
Demo1,LLRED346,Description here,663908.9,PCS,468,580,18%,NONE
Demo1,LLRED347,Description here,665838.8,PCS,469,581,18%,NONE
Demo1,LLRED348,Description here,667768.7,PCS,470,582,18%,NONE
Demo1,LLRED349,Description here,669698.6,PCS,471,583,18%,NONE
Demo1,LLRED350,Description here,671628.5,PCS,472,584,18%,NONE
Demo1,LLRED351,Description here,673558.4,PCS,473,585,18%,NONE
Demo1,LLRED352,Description here,675488.3,PCS,474,586,18%,NONE
Demo1,LLRED353,Description here,677418.2,PCS,475,587,18%,NONE
Demo1,LLRED354,Description here,679348.1,PCS,476,588,18%,NONE
Demo1,LLRED355,Description here,681278,PCS,477,589,18%,NONE
Demo1,LLRED356,Description here,683207.9,PCS,478,590,18%,NONE
Demo1,LLRED357,Description here,685137.8,PCS,479,591,18%,NONE
Demo1,LLRED358,Description here,687067.7,PCS,480,592,18%,NONE
Demo1,LLRED359,Description here,688997.6,PCS,481,593,18%,NONE
Demo1,LLRED360,Description here,690927.5,PCS,482,594,18%,NONE
Demo1,LLRED361,Description here,692857.4,PCS,483,595,18%,NONE
Demo1,LLRED362,Description here,694787.3,PCS,484,596,18%,NONE
Demo1,LLRED363,Description here,696717.2,PCS,485,597,18%,NONE
Demo1,LLRED364,Description here,698647.1,PCS,486,598,18%,NONE
Demo1,LLRED365,Description here,700577,PCS,487,599,18%,NONE
Demo1,LLRED366,Description here,702506.9,PCS,488,600,18%,NONE
Demo1,LLRED367,Description here,704436.8,PCS,489,601,18%,NONE
Demo1,LLRED368,Description here,706366.7,PCS,490,602,18%,NONE
Demo1,LLRED369,Description here,708296.6,PCS,491,603,18%,NONE
Demo1,LLRED370,Description here,710226.5,PCS,492,604,18%,NONE
Demo1,LLRED371,Description here,712156.4,PCS,493,605,18%,NONE
Demo1,LLRED372,Description here,714086.3,PCS,494,606,18%,NONE
Demo1,LLRED373,Description here,716016.2,PCS,495,607,18%,NONE
Demo1,LLRED374,Description here,717946.1,PCS,496,608,18%,NONE
Demo1,LLRED375,Description here,719876,PCS,497,609,18%,NONE
Demo1,LLRED376,Description here,721805.9,PCS,498,610,18%,NONE
Demo1,LLRED377,Description here,723735.8,PCS,499,611,18%,NONE
Demo1,LLRED378,Description here,725665.7,PCS,500,612,18%,NONE
Demo1,LLRED379,Description here,727595.6,PCS,501,613,18%,NONE
Demo1,LLRED380,Description here,729525.5,PCS,502,614,18%,NONE
Demo1,LLRED381,Description here,731455.4,PCS,503,615,18%,NONE
Demo1,LLRED382,Description here,733385.3,PCS,504,616,18%,NONE
Demo1,LLRED383,Description here,735315.2,PCS,505,617,18%,NONE
Demo1,LLRED384,Description here,737245.1,PCS,506,618,18%,NONE
Demo1,LLRED385,Description here,739175,PCS,507,619,18%,NONE
Demo1,LLRED386,Description here,741104.9,PCS,508,620,18%,NONE
Demo1,LLRED387,Description here,743034.8,PCS,509,621,18%,NONE
Demo1,LLRED388,Description here,744964.7,PCS,510,622,18%,NONE
Demo1,LLRED389,Description here,746894.6,PCS,511,623,18%,NONE
Demo1,LLRED390,Description here,748824.5,PCS,512,624,18%,NONE
Demo1,LLRED391,Description here,750754.4,PCS,513,625,18%,NONE
Demo1,LLRED392,Description here,752684.3,PCS,514,626,18%,NONE
Demo1,LLRED393,Description here,754614.2,PCS,515,627,18%,NONE
Demo1,LLRED394,Description here,756544.1,PCS,516,628,18%,NONE
Demo1,LLRED395,Description here,758474,PCS,517,629,18%,NONE
Demo1,LLRED396,Description here,760403.9,PCS,518,630,18%,NONE
Demo1,LLRED397,Description here,762333.8,PCS,519,631,18%,NONE
Demo1,LLRED398,Description here,764263.7,PCS,520,632,18%,NONE
Demo1,LLRED399,Description here,766193.6,Pcs,521,633,18%,NONE
Demo1,LLRED400,Description here,768123.5,PCS,522,634,18%,NONE
Demo1,LLRED401,Description here,770053.4,PCS,523,635,18%,NONE
Demo1,LLRED402,Description here,771983.3,PCS,524,636,18%,NONE
Demo1,LLRED403,Description here,773913.2,PCS,525,637,18%,NONE
Demo1,LLRED404,Description here,775843.1,PCS,526,638,18%,NONE
Demo1,LLRED405,Description here,777773,PCS,527,639,18%,NONE
Demo1,LLRED406,Description here,779702.9,PCS,528,640,18%,NONE
Demo1,LLRED407,Description here,781632.8,PCS,529,641,18%,NONE
Demo1,LLRED408,Description here,783562.7,PCS,530,642,18%,NONE
Demo1,LLRED409,Description here,785492.6,PCS,531,643,18%,NONE
Demo1,LLRED410,Description here,787422.5,PCS,532,644,18%,NONE
Demo1,LLRED411,Description here,789352.4,PCS,533,645,18%,NONE
Demo1,LLRED412,Description here,791282.3,PCS,534,646,18%,NONE
Demo1,LLRED413,Description here,793212.2,PCS,535,647,18%,NONE
Demo1,LLRED414,Description here,795142.1,PCS,536,648,18%,NONE
Demo1,LLRED415,Description here,797072,Pcs,537,649,18%,NONE
Demo1,LLRED416,Description here,799001.9,PCS,538,650,18%,NONE
Demo1,LLRED417,Description here,800931.8,PCS,539,651,18%,NONE
Demo1,LLRED418,Description here,802861.7,PCS,540,652,18%,NONE
Demo1,LLRED419,Description here,804791.6,PCS,541,653,18%,NONE
Demo1,LLRED420,Description here,806721.5,PCS,542,654,18%,NONE
Demo1,LLRED421,Description here,808651.4,PCS,543,655,18%,NONE
Demo1,LLRED422,Description here,810581.3,PCS,544,656,18%,NONE
Demo1,LLRED423,Description here,812511.2,PCS,545,657,18%,NONE
Demo1,LLRED424,Description here,814441.1,Set,546,658,18%,NONE
Demo1,LLRED425,Description here,816371,SET,547,659,18%,NONE
Demo1,LLRED426,Description here,818300.9,SET,548,660,18%,NONE
Demo1,LLRED427,Description here,820230.8,SET,549,661,18%,NONE
Demo1,LLRED428,Description here,822160.7,SET,550,662,18%,NONE
Demo1,LLRED429,Description here,824090.6,SET,551,663,18%,NONE
Demo1,LLRED430,Description here,826020.5,SET,552,664,18%,NONE
Demo1,LLRED431,Description here,827950.4,SET,553,665,18%,NONE
Demo1,LLRED432,Description here,829880.3,Set,554,666,18%,NONE
Demo1,LLRED433,Description here,831810.2,Set,555,667,18%,NONE
Demo1,LLRED434,Description here,833740.1,SET,556,668,18%,NONE
Demo1,LLRED435,Description here,835670,SET,557,669,18%,NONE
Demo1,LLRED436,Description here,837599.9,SET,558,670,18%,NONE
Demo1,LLRED437,Description here,839529.8,SET,559,671,18%,NONE
Demo1,LLRED438,Description here,841459.7,SET,560,672,18%,NONE
Demo1,LLRED439,Description here,843389.6,SET,561,673,18%,NONE
Demo1,LLRED440,Description here,845319.5,SET,562,674,18%,NONE
Demo1,LLRED441,Description here,847249.4,Set,563,675,18%,NONE
Demo1,LLRED442,Description here,849179.3,SET,564,676,18%,NONE
Demo1,LLRED443,Description here,851109.2,SET,565,677,18%,NONE
Demo1,LLRED444,Description here,853039.1,SET,566,678,18%,NONE
Demo1,LLRED445,Description here,854969,SET,567,679,18%,NONE
Demo1,LLRED446,Description here,856898.9,SET,568,680,18%,NONE
Demo1,LLRED447,Description here,858828.8,SET,569,681,18%,NONE
Demo1,LLRED448,Description here,860758.7,SET,570,682,18%,NONE
Demo1,LLRED449,Description here,862688.6,SET,571,683,18%,NONE
Demo1,LLRED450,Description here,864618.5,SET,572,684,18%,NONE
Demo1,LLRED451,Description here,866548.4,SET,573,685,18%,NONE
Demo1,LLRED452,Description here,868478.3,SET,574,686,18%,NONE
Demo1,LLRED453,Description here,870408.2,SET,575,687,18%,NONE
Demo1,LLRED454,Description here,872338.1,SET,576,688,18%,NONE
Demo1,LLRED455,Description here,874268,SET,577,689,18%,NONE
Demo1,LLRED456,Description here,876197.9,SET,578,690,18%,NONE
Demo1,LLRED457,Description here,878127.8,SET,579,691,18%,NONE
Demo1,LLRED458,Description here,880057.7,Set,580,692,18%,NONE
Demo1,LLRED459,Description here,881987.6,SET,581,693,18%,NONE
Demo1,LLRED460,Description here,883917.5,SET,582,694,18%,NONE
Demo1,LLRED461,Description here,885847.4,Set,583,695,18%,NONE
Demo1,LLRED462,Description here,887777.3,SET,584,696,18%,NONE
Demo1,LLRED463,Description here,889707.2,SET,585,697,18%,NONE
Demo1,LLRED464,Description here,891637.1,SET,586,698,18%,NONE
Demo1,LLRED465,Description here,893567,Set,587,699,18%,NONE
Demo1,LLRED466,Description here,895496.9,SET,588,700,18%,NONE
Demo1,LLRED467,Description here,897426.8,SET,589,701,18%,NONE
Demo1,LLRED468,Description here,899356.7,SET,590,702,18%,NONE
Demo1,LLRED469,Description here,901286.6,SET,591,703,18%,NONE
Demo1,LLRED470,Description here,903216.5,Set,592,704,18%,NONE
Demo1,LLRED471,Description here,905146.4,Set,593,705,18%,NONE
Demo1,LLRED472,Description here,907076.3,Set,594,706,18%,NONE
Demo1,LLRED473,Description here,909006.2,Set,595,707,18%,NONE
Demo1,LLRED474,Description here,910936.1,Set,596,708,18%,NONE
Demo1,LLRED475,Description here,912866,Set,597,709,18%,NONE
Demo1,LLRED476,Description here,914795.9,PCS,598,710,18%,NONE
Demo1,LLRED477,Description here,916725.8,pcs,599,711,18%,NONE
Demo1,LLRED478,Description here,918655.7,SET,600,712,18%,NONE
Demo1,LLRED479,Description here,920585.6,pcs,601,713,18%,NONE
Demo1,LLRED480,Description here,922515.5,pcs,602,714,18%,NONE
Demo1,LLRED481,Description here,924445.4,pcs,603,715,18%,NONE
Demo1,LLRED482,Description here,926375.3,pcs,604,716,18%,NONE
Demo1,LLRED483,Description here,928305.2,SET,605,717,18%,NONE
Demo1,LLRED484,Description here,930235.1,pcs,606,718,18%,NONE
Demo1,LLRED485,Description here,932165,pcs,607,719,18%,NONE
Demo1,LLRED486,Description here,934094.9,pcs,608,720,18%,NONE
Demo1,LLRED487,Description here,936024.8,pcs,609,721,18%,NONE
Demo1,LLRED488,Description here,937954.7,pcs,610,722,18%,NONE
Demo1,LLRED489,Description here,939884.6,pcs,611,723,18%,NONE
Demo1,LLRED490,Description here,941814.5,pcs,612,724,18%,NONE
Demo1,LLRED491,Description here,943744.4,pcs,613,725,18%,NONE
Demo1,LLRED492,Description here,945674.3,pcs,614,726,18%,NONE
Demo1,LLRED493,Description here,947604.2,pcs,615,727,18%,NONE
Demo1,LLRED494,Description here,949534.1,pcs,616,728,18%,NONE
Demo1,LLRED495,Description here,951464,pcs,617,729,18%,NONE
Demo1,LLRED496,Description here,953393.9,pcs,618,730,18%,NONE
Demo1,LLRED497,Description here,955323.8,pcs,619,731,18%,NONE
Demo1,LLRED498,Description here,957253.7,pcs,620,732,18%,NONE
Demo1,LLRED499,Description here,959183.6,PCS,621,733,18%,NONE
Demo1,LLRED500,Description here,961113.5,PCS,622,734,18%,NONE
Demo1,LLRED501,Description here,963043.4,PCS,623,735,18%,NONE
Demo1,LLRED502,Description here,964973.3,PCS,624,736,18%,NONE
Demo1,LLRED503,Description here,966903.2,PCS,625,737,18%,NONE
Demo1,LLRED504,Description here,968833.1,PCS,626,738,18%,NONE
Demo1,LLRED505,Description here,970763,PCS,627,739,18%,NONE
Demo1,LLRED506,Description here,972692.9,Pcs,628,740,18%,NONE
Demo1,LLRED507,Description here,974622.8,PCS,629,741,18%,NONE
Demo1,LLRED508,Description here,976552.7,PCS,630,742,18%,NONE
